0.0,-1.0,0.0,0.0,0.0,0.0
0.00016121151272404266,-0.9992611361166577,-0.0008528228916185347,0.0001459606209403873,8.710488204196061e-05,-3.200752210109888e-05
0.0006438655599813694,-0.9970419332150187,-0.0034171315367567214,0.0005869613554551524,0.0003479128374697492,-0.00012799085474290704
0.001445019412375845,-0.993334573550548,-0.007710388073479357,0.0013323147449233524,0.0007809024887856515,-0.00028782783858343343
0.0025597635791212805,-0.9881260873891352,-0.013761485539887226,0.002397383307703737,0.001383533457535645,-0.0005113000718584666
0.003981214510496699,-0.9813984500682461,-0.02161040923716248,0.0038033264429416427,0.002152239308397119,-0.0007980708164612414
0.005700504686136201,-0.9731287325763731,-0.031307716640685955,0.005576714883193472,0.0030824178485764943,-0.0011476543246745242
0.007706770577736543,-0.9632893204554146,-0.04291378945840943,0.007748981274821442,0.00416841906284195,-0.00155937693521098
0.009987139395509543,-0.9518482199834922,-0.056497798272853936,0.010355666631005565,0.005403531202110389,-0.002032330522810495
0.012526716185432822,-0.9387694742518146,-0.07213630836414277,0.013435414495996712,0.006779965914680288,-0.0025653192327925933
0.01530857380583594,-0.9240137142677475,-0.0899114466060377,0.017028658874220462,0.008288843852687253,-0.0031568009207552468
0.018313749627872977,-0.9075388706103319,-0.10990854655903934,0.02117595014833909,0.009920182932872768,-0.003804825372348193
0.02152125448019557,-0.8893010680741847,-0.13221319593974584,0.025915867861803953,0.01166289238670225,-0.004506972206147802
0.024908101309018507,-0.8692557175055668,-0.15690763229669508,0.031282483456727114,0.013504776857598527,-0.005260292337699901
0.02844936302060658,-0.8473588039655807,-0.1840664739238001,0.037302363013346954,0.015432555969320694,-0.006061257922639311
0.03211827058503458,-0.823568347246554,-0.21375183747243837,0.04399114205896221,0.017431905764460062,-0.006905726641520678
0.03588636305828853,-0.7978459797345784,-0.2460079814873659,0.051349761600888014,0.019487528834732905,-0.007788926789101348
0.03972369990824566,-0.7701585501023348,-0.2808557198794578,0.05936052255331272,0.021583259375211963,-0.008705469562080105
0.043599142102723684,-0.7404796249565044,-0.318286956018313,0.06798318488747107,0.023702207328908306,-0.009649393862300917
0.047480701354568465,-0.7087907332170711,-0.35825977240665685,0.07715139256944976,0.025826941952744556,-0.010614246605079996
0.05133594696230182,-0.6750821903769547,-0.4006945430967881,0.0867697267484027,0.02793970963140099,-0.011593197947470038
0.05513244811473193,-0.6393533612791366,-0.4454714896148574,0.09671166100402905,0.030022674269304578,-0.012579186403931082
0.0588382186591557,-0.6016122745127976,-0.49242996457063526,0.10681860672556313,0.03205816237024415,-0.013565084267612165
0.06242212402329288,-0.561874583769764,-0.5413695336155129,0.1169001028111992,0.03402889056487584,-0.014543870122148196
0.06585420870157534,-0.5201619667436338,-0.5920526759678645,0.1267350478105928,0.03591815228299414,-0.015508793464251902
0.06910590854238412,-0.47650013981275147,-0.6442086931794448,0.1360737309369725,0.03770994315498913,-0.01645351708671875
0.07215012412120325,-0.43091672743587706,-0.6975382597937104,0.14464032600538337,0.03938901114837515,-0.01737222575904461
0.07496114715357818,-0.3834392477347795,-0.7517180010000645,0.15213549030191675,0.04094082601033048,-0.018259694121306656
0.07751444783831207,-0.33409346070447615,-0.8064045423834924,0.1582387592730687,0.042351471452590495,-0.019111311463614885
0.07978634433356979,-0.2829022836506816,-0.8612376180272069,0.16261053025126268,0.04360747105581191,-0.01992306513652574
0.08175358470693038,-0.229885425514134,-0.915842003476357,0.16489355733162087,0.044695564181950864,-0.02069148703251837
0.0833928766914217,-0.1750598423104353,-0.9698282186932566,0.16471400880545264,0.045602451229754974,-0.021413568687442718
0.08468040267319102,-0.1184410793125571,-1.0227920948727895,0.16168224958262567,0.046314529004822316,-0.022086650284268164
0.08559135836719142,-0.060045544518251066,-1.074313405419952,0.15539359453563348,0.04681763780055796,-0.02270828765961293
0.08609955540189485,0.00010625065484555496,-1.1239538260494877,0.145429332699538,0.047096842997302775,-0.023276099859760542
0.08617713184134794,0.061985450430017124,-1.1712545196067148,0.13135834822974457,0.047136276324440986,-0.023787598389815683
0.08579442105530666,0.1255495864043287,-1.215733647275602,0.11273966324247017,0.046919065708943095,-0.024239998516977748
0.08492003783034721,0.19073627293347648,-1.2568840967106814,0.08912619895765649,0.04642738760296194,-0.024630013257021802
0.0835212494245,0.25745589594965135,-1.2941716928946614,0.06006999056825984,0.04564268085385625,-0.02495363240352427
0.0815647049382137,0.32558339180486107,-1.3270341188678245,0.025128991109315033,0.04454606458860751,-0.025205892532857873
0.07901759331830972,0.3949493124754001,-1.35488071746772,-0.016124547379568435,0.04311900103783714,-0.0253806496091407
0.07584928066535457,0.46533050718512714,-1.377093266371186,-0.06409432709164814,0.041344233197113466,-0.025470373638303755
0.07203343185125885,0.5364409131282916,-1.3930277102912905,-0.11914935887097779,0.039207001253214295,-0.025465994324318238
0.06755054126385951,0.6079231251983708,-1.4020166883315563,-0.1816131900587123,0.03669649581054322,-0.02535683672829682
0.06239068031506186,0.6793415791833445,-1.4033725021629497,-0.2517541192700509,0.03380743859651527,-0.02513069461429403
0.056556126451536105,0.7501782911899874,-1.3963899220733786,-0.3297778603556233,0.03054159886428156,-0.024774093958948876
0.05006340244736586,0.8198320882831595,-1.3803479161593508,-0.4158244275605909,0.026908974880673415,-0.024272797372336768
0.04294418099974016,0.8876220743897976,-1.3545090188025097,-0.5099712167688881,0.0229283265853307,-0.02361259009877179
0.03524456214103139,0.9527956519875729,-1.3181146652071118,-0.6122442668578876,0.01862677487967519,-0.0227803702329472
0.027022449448242752,1.0145407771955197,-1.2703745074407524,-0.7226394055005835,0.014038308312758048,-0.02176554457559915
0.018343107861400927,1.0720014017840944,-1.210447705984351,-0.8411543186745573,0.009201243629581517,-0.020561719572803033
0.00927335647217881,1.124294590237404,-1.1374149097270334,-0.9678313862764281,0.00415490129456533,-0.019168698463002114
-0.00012499079711160085,1.1705282592892081,-1.05024214289831,-1.1028089707220692,-0.0010641475602119295,-0.017594892961633177
-0.00980222260959885,1.2098211824291978,-0.9477447571386701,-1.2463743380324261,-0.006426125240301823,-0.015860497553168835
-0.019729793886074924,1.2413346722299032,-0.8285778083822884,-1.3990004746668532,-0.011913153673933731,-0.014002260840793125
-0.029917481556675153,1.2643445206834063,-0.6913251692757996,-1.561321527911439,-0.01752877398523052,-0.012081556710003574
-0.040457300082228864,1.2784237671677654,-0.5348646928970959,-1.7339378553966822,-0.02332206748970027,-0.010198671485215964
-0.05164162217094313,1.2838731292444088,-0.3593605863191689,-1.9168354378930996,-0.029452159693477593,-0.008516405064220441
-0.06423718370646421,1.2825175374498272,-0.16821003420835634,-2.108220583862347,-0.03633729771102653,-0.007289212087627366
-0.07990432976944285,1.2784825895552108,0.029969046405695365,-2.303331630066724,-0.044882584770103665,-0.006872498653427469
-0.1013066901902619,1.277620219032068,0.22257991210595085,-2.495198728860514,-0.05654090512300189,-0.007681757617229527
-0.13118196292023857,1.2851486018282043,0.39852999367277875,-2.677860405446733,-0.07281354571777458,-0.010137475213372493
-0.17057692362396717,1.3037433757394223,0.5523998332730095,-2.848616464662957,-0.09429592436841913,-0.014624817301163258
-0.21764813211347125,1.333611626821467,0.6838427494990014,-3.0074326595680216,-0.1200183672463414,-0.021365588796408826
-0.2683299139796411,1.3736402641214414,0.7948377245763011,-3.1552953983708796,-0.1477915931377751,-0.03022816428185309
-0.31842105806805737,1.4224582127586776,0.8875145549278958,-3.293081492861472,-0.17533154389562708,-0.04072688921334701
-0.36513455388391314,1.4789175325325494,0.9633123731007894,-3.421189265882884,-0.20110780503969783,-0.052245112847854484
-0.40723853382669845,1.542100193008388,1.0230467896328108,-3.5396084949800564,-0.22443060260988337,-0.0642427501705153
-0.4444961537052764,1.6111877821483862,1.0672120351385492,-3.648092569655389,-0.24515212311197931,-0.07632621131091362
-0.4771397360626171,1.6853795094198887,1.0961977010750203,-3.7462950401100983,-0.26338211471651074,-0.08823250725450629
-0.5055716008179751,1.7638776693279012,1.1103915246735512,-3.833859244834425,-0.2793251073459645,-0.09979414791620936
-0.530230667898817,1.8459099806588923,1.110214245208641,-3.910476275191481,-0.2932076101378231,-0.11091079874665438
-0.5515420913158714,1.9307628242798627,1.0961219746898598,-3.975921182495333,-0.3052506315393008,-0.12153024146256268
-0.569900630354429,2.01781130075898,1.0685944008526487,-4.030071997049048,-0.3156606248896257,-0.13163534358912277
-0.5856654544574342,2.1065400639356744,1.0281180484790051,-4.072914803260882,-0.3246265924567383,-0.14123426797683106
-0.5991581658877885,2.1965531939905127,0.9751703617942626,-4.104538770802768,-0.33231881104679434,-0.1503526085186993
-0.6106617397694257,2.287573225799173,0.9102098076004186,-4.12512626235347,-0.33888792860899813,-0.1590270588493913
-0.6204200345754856,2.3794296088899936,0.8336784705952079,-4.134944589591803,-0.3444642796477036,-0.16730056065470308
-0.6286379242949726,2.472035737093022,0.7460265632788842,-4.134347869179928,-0.34915749061292584,-0.17521889814243344
-0.6354821177485943,2.5653515969968854,0.6477726708945758,-4.123799843671764,-0.35305644913348516,-0.1828286164343991
-0.6410828789554995,2.6593269899446086,0.5396173057107808,-4.1039303649788454,-0.3562297948739658,-0.19017603344142714
-0.6455373465944073,2.753821129553679,0.42262272749754337,-4.075634780938524,-0.3587273835892063,-0.19730697347494133
-0.6489158599946199,2.8485048292890593,0.29844126251926245,-4.04020562755162,-0.3605836258947637,-0.20426661910183286
-0.6512728221544061,2.9427786631646025,0.16949864916359095,-3.999437817059716,-0.3618237202702021,-0.21109860594063962
-0.6526615117398414,3.035773543299803,0.038949309603768884,-3.9555911732305935,-0.3624725419152203,-0.2178425839076736
-0.6531475765997117,3.12648846410419,-0.08974383659095272,-3.9111155995856466,-0.3625630284083057,-0.22453055696817106
-0.6528134775861484,3.214024066074786,-0.2134850292662552,-3.8682130208889163,-0.36213920446718156,-0.23118394457275793
-0.651751580014831,3.2977753068772517,-0.33009517727942417,-3.8284781578023184,-0.361252168282084,-0.23781341861118174
-0.6500521182725607,3.3774834128873183,-0.4384591360425405,-3.792796413875441,-0.35995268874627323,-0.24442149429289647
-0.6477938235860534,3.453168291346877,-0.5383318681605058,-3.7614632984034677,-0.358285241882834,-0.2510060608181818
-0.645040069219867,3.5250215255774364,-0.6300289763531235,-3.734382580349786,-0.35628538002845167,-0.2575632436740941
-0.6418391677545452,3.5933160771638417,-0.7141608185376193,-3.7112401376108126,-0.353979690397262,-0.264089114394284
-0.6382265492930058,3.6583483528831837,-0.7914564451112003,-3.6916219410415843,-0.35138697326420926,-0.2705804785261812
-0.6342273042453048,3.7204072558993606,-0.8626640269635839,-3.6750832374305693,-0.34851969764766144,-0.2770351191962547
-0.6298584186113793,3.779760459499331,-0.9285012776384717,-3.661185152083042,-0.3453853032956572,-0.28345177742681676
-0.6251305200627146,3.83665017293758,-0.9896344218530829,-3.649512198703107,-0.34198722235257417,-0.2898300299074849
-0.6200491606592576,3.8912935722808935,-1.0466720649222594,-3.639679438405729,-0.3383256266190014,-0.29617014334903846
-0.6146157240765358,3.9438852175520602,-1.1001662119083613,-3.631334351340621,-0.33439794835598796,-0.30247293997968366
-0.6088280483806722,3.994600082570695,-1.15061632187538,-3.624156177271581,-0.33019922708850824,-0.3087396871135728
-0.6026808403175063,4.043596545887924,-1.1984743281700592,-3.6178541634819097,-0.32572232717756633,-0.31497201416168324
-0.5961659396997336,4.091019068803727,-1.244149648309768,-3.6121654418656126,-0.3209580612183801,-0.32117185670633697
-0.5892724778611357,4.137000475080775,-1.2880137696408853,-3.6068528796626143,-0.3158952459667923,-0.3273414261322787
-0.581986963242227,4.181663836104051,-1.3304042760269599,-3.6017030548205398,-0.310520711241235,-0.3334832032793948
-0.57429331959808,4.225124003495243,-1.371628312100394,-3.5965244109709436,-0.30481927796281744,-0.3395999549642623
-0.566172897435193,4.267488844183768,-1.4119655375062699,-3.591145601759011,-0.2987737188552356,-0.34569477270799076
-0.557604476531122,4.308860233890728,-1.4516706420849246,-3.585414014913599,-0.2923647140368967,-0.35177113347632377
-0.5485642763705696,4.3493348606151665,-1.4909754937418467,-3.5791944599318954,-0.2855708136000378,-0.35783298262238733
-0.5390259917972972,4.389004883359201,-1.5300909838495522,-3.572368002801162,-0.27836842017715,-0.3638848394776646
-0.5289608729987947,4.4279584845837805,-1.5692086253934616,-3.5648309333235573,-0.2707318064064599,-0.3699319261086995
-0.5183378720459387,4.466280348452906,-1.6085019490934664,-3.5564938536116575,-0.26263318513244,-0.37598031956702227
-0.5071238825578642,4.50405209105225,-1.6481277334731705,-3.547280879325251,-0.2540428541306418,-0.3820371273928443
-0.4952841045622846,4.541352663482935,-1.688227096741397,-3.5371289477943573,-0.24492944210623344,-0.38811068502806434
-0.48278257304697236,4.578258743948202,-1.7289264715475567,-3.5259872290730416,-0.23526028855045483,-0.3942107719369613
-0.4695828955572779,4.614845130539926,-1.7703384782356715,-3.513816637003603,-0.22500199640138144,-0.400348840356867
-0.45564925054950167,4.651185142261218,-1.812562708222656,-3.5005894373479287,-0.21412120263023118,-0.4065382464026314
-0.4409477024397421,4.687351031796915,-1.855686426694735,-3.486288948754075,-0.2025856165758935,-0.4127944674333086
-0.4254478888143769,4.723414409662841,-1.8997852031516043,-3.4709093295820206,-0.19036537697645042,-0.41913528196778604
-0.40912512631164155,4.759446675784794,-1.9449234796734989,-3.4544554393283797,-0.1774347730456945,-0.425580879095407
-0.39196295920085616,4.79551945168178,-1.9911550903448634,-3.4369427577328517,-0.16377435831470785,-0.4321538539006599
-0.3739561327737856,4.831705004973777,-2.0385237510488943,-3.4183973382397568,-0.14937345312281056,-0.4388790354465281
-0.35511390684342475,4.868076658935793,-2.087063546427771,-3.3988557666063,-0.13423297753205674,-0.4457830871671629
-0.33546353049207484,4.9047091844406365,-2.136799449043812,-3.3783650921172503,-0.118368478236754,-0.45289382043822507
-0.31505358250206306,4.941679180657859,-2.187747912601944,-3.356982700569211,-0.10181311366837936,-0.46023917614518217
-0.29395675962203666,4.979065463788362,-2.239917583591463,-3.334776106931172,-0.0846202539946784,-0.4678458616589448
-0.2722715996860393,5.016949496870027,-2.2933101708785713,-3.3118226610870964,-0.06686526363385879,-0.4757376843818285
-0.250122604961744,5.055415901735406,-2.347921499201728,-3.2882091773514337,-0.04864600226451336,-0.48393369410363896
-0.22765833068749117,5.094553086736262,-2.4037427526346393,-3.264031506032718,-0.030081648050967778,-0.492446321326188
-0.2050472503934084,5.134453990413843,-2.4607618960332527,-3.2393940459525465,-0.011309639552216168,-0.5012797545402605
-0.18247158067311134,5.1752168758663135,-2.5189652595358045,-3.2144091327513116,0.007519163180448398,-0.5104288100338913
-0.16011965979965445,5.216946017440761,-2.5783392970993386,-3.189196120462739,0.026246648264977645,-0.5198784958704875
-0.13817780041424121,5.259752018496816,-2.638872590950264,-3.1638798145042077,0.04471421228377842,-0.5296043611226524
-0.11682265772044934,5.303751415903011,-2.7005582601057685,-3.1385877498970696,0.06276924378871644,-0.5395735814229261
-0.09621501883715479,5.349065197689692,-2.763397014563941,-3.1134456985264247,0.0802705496537929,-0.5497466067805614
-0.07649557011846546,5.3958159146871,-2.8274011358482363,-3.088570802714975,0.09709221687963979,-0.5600791268956379
-0.057782757979560104,5.4441232233403465,-2.8925996170449424,-3.0640619299858094,0.11312576543020735,-0.5705241090703354
-0.0401724662048045,5.4940979561952235,-2.9590445340449945,-3.039987256574247,0.1282807824079877,-0.5810337216948485
-0.023738992456501302,5.545835155686413,-3.0268184472641972,-3.0163696935141493,0.14248444299948942,-0.5915610402051755
-0.008536754181468693,5.59940687192171,-3.096042293332813,-2.9931714757581567,0.1556803829525862,-0.6020615078593178
0.0053977401929872736,5.654855831811004,-3.166882904606021,-2.970279874239226,0.16782731003304213,-0.612494167993832
0.018043924168328312,5.71219123664536,-3.2395591031767204,-2.947496351105107,0.1788975831443664,-0.6228226927873051
0.02939527336672644,5.771387858207036,-3.314345361649192,-2.924531368932004,0.18887581293696012,-0.6330162162971404
0.03945737850198811,5.832389254698765,-3.391572363664556,-2.901006395790502,0.19775739977569767,-0.6430499541582199
0.0482458161991325,5.895115367241009,-3.4716244112898846,-2.8764634853333315,0.20554685135438575,-0.6529055749253659
0.055783636854045054,5.959474103085086,-3.5549344064630497,-2.8503813758772716,0.21225571343933142,-0.6625712877401796
0.0620983334151282,6.02537591866118,-3.641977913509391,-2.8221956658409644,0.21789998420563156,-0.672041628822629
0.06721821779184431,6.092750039195985,-3.7332684163501,-2.791319615111657,0.22249693768844678,-0.6813169600988069
0.07116818028521785,6.161560908593213,-3.8293562008284328,-2.757161730817628,0.22606132614441404,-0.6904027286784031
0.0739648126757985,6.231823799935015,-3.9308333158869453,-2.7191365777606715,0.22860093731675848,-0.6993085667343252
0.07561081056053463,6.303619194259886,-4.038346935777228,-2.676666036859452,0.23011142491700676,-0.7080473299968211
0.076088408735688,6.377106447791407,-4.1526234288770745,-2.629169148274597,0.2305701830971414,-0.716634175811397
0.07535131192196093,6.452538303871444,-4.274505896355708,-2.576039248665083,0.22992876598663692,-0.7250857703450658
0.07331410410453137,6.530278930451556,-4.405009291202486,-2.516606889726789,0.2281029059040411,-0.7334196965000789
0.06983733230660479,6.610829489495229,-4.545399951668693,-2.450085626347964,0.22495844388320874,-0.7416541210934087
0.0647051104552533,6.694867051855812,-4.6973110812072845,-2.3754948629639565,0.22029021329717594,-0.7498077870555416
0.05758966774715071,6.783305286553999,-4.862912872415526,-2.291549379953429,0.21378863029701498,-0.757900445613238
0.047992857938516174,6.8773883908107845,-5.0451641219544126,-2.196500058855311,0.20498457173966284,-0.7659539741509526
0.03514716991652791,6.978828193761206,-5.248167670873909,-2.087913515280082,0.19315600904453945,-0.7739947159707397
0.017850937474337882,7.089959599436901,-5.477558975966441,-1.962437822175121,0.17717223113755096,-0.7820581465982382
-0.0057611025948605885,7.213684683354404,-5.740316762318714,-1.8159425420985555,0.1552755262516938,-0.7901976705899489
-0.03824753181645752,7.352140665007326,-6.041203120652501,-1.6457869555590845,0.1250456468058567,-0.7984977688656039
-0.08153568616487382,7.501983735610966,-6.370410672439772,-1.4585695344125524,0.08463094357805187,-0.8070810776629636
-0.134087256599939,7.651380178593054,-6.696033012331817,-1.2746834913493514,0.035417009110230414,-0.8160972088570553
-0.1917249370316419,7.790015782153766,-6.990552977778174,-1.1115668878000848,-0.01870979939648109,-0.8257017436144698
-0.2510883211959678,7.916113719573831,-7.248829099358697,-0.972596956777996,-0.07459641271014308,-0.8360053699693214
-0.30999969870647176,8.031926428280721,-7.476035886176632,-0.8547767045051583,-0.1301832371516614,-0.8470133272114085
-0.3667265334902881,8.14007049052079,-7.67814438045457,-0.7546777351264882,-0.18381991338442985,-0.858608900186972
-0.41979854471913514,8.24267099354162,-7.859771578915016,-0.6697498758399552,-0.2340964972235705,-0.8705817011715458
-0.4681215927179196,8.34136181544605,-8.024230231203266,-0.5982660752411737,-0.27995414835080223,-0.8826841122295549
-0.5110748486074159,8.437405850233699,-8.17388517111965,-0.5390796092227794,-0.320780710116091,-0.8946899584607554
-0.5484877674851134,8.531785276220502,-8.310446609601344,-0.49141754914218067,-0.356392199237725,-0.9064322046796123
-0.5805259981502371,8.625251591784433,-8.435178039922267,-0.45472248938180787,-0.3869267245574942,-0.9178131172927383
-0.6075536220911971,8.718349758030737,-8.549046873445105,-0.42852748201674484,-0.4127145187562674,-0.9287948736666268
-0.6300189764263506,8.811431028364705,-8.652838394700218,-0.4123570016193538,-0.4341693309467209,-0.9393823139398104
-0.6483794285886312,8.90466539151727,-8.747241763014982,-0.40565543934255194,-0.45171631363650805,-0.9496059871759833
-0.663060478250898,8.998060576975071,-8.832910325509745,-0.40774745170693744,-0.46575240795116435,-0.9595089655699616
-0.6744380134251772,9.091490327764943,-8.910497215875608,-0.4178316954484085,-0.47662881309209426,-0.969137917423352
-0.6828334510189766,9.184730498453867,-8.980668978747461,-0.4350036610465722,-0.4846458435032168,-0.9785377033386794
-0.6885147691965655,9.277498564283697,-9.044102479703104,-0.4582979331173218,-0.4900535192698934,-0.9877485217075014
-0.6916995383620556,9.36949120154526,-9.101471849731386,-0.48673790888614876,-0.49305415591051077,-0.9968047632355254
-0.6925581632392124,9.460415636059398,-9.153431956431753,-0.5193823838861691,-0.49380521985063863,-1.0057349401934057
-0.6912166842597484,9.55001254185505,-9.200603256400468,-0.5553621598295655,-0.49242180260974105,-1.0145622373353125
-0.687758964270064,9.638070343872878,-9.243560746788923,-0.5939040037252439,-0.48897852879558124,-1.023305374368475
-0.6822282240625703,9.724432184884511,-9.282827871282795,-0.6343424920539381,-0.48351084965455465,-1.0319795808733332
-0.6746279040092213,9.80899742707561,-9.31887501180325,-0.6761220411242925,-0.4760156909881227,-1.0405975695977414
-0.6649218315629373,9.891719566110323,-9.35212161368432,-0.7187919631250467,-0.4664514295115172,-1.049170456806057
-0.6530337129341752,9.972602116516551,-9.382940869634227,-0.7619971576351687,-0.4547372113584504,-1.0577086223777135
-0.6388460653322154,10.051693599784516,-9.411666020959215,-0.8054664711762355,-0.4407517240994649,-1.0662225316355733
-0.6221988926134512,10.129082351128865,-9.438597566173867,-0.8490001049424153,-0.42433171858758495,-1.0747235591920874
-0.602888734716987,10.20489149622083,-9.464010900966423,-0.89245685288369,-0.40527090212792,-1.083224864498146
-0.580669278975686,10.279274121028852,-9.488164097455854,-0.935741442685173,-0.3833203790471973,-1.0917423677667302
-0.5552556389514787,10.352408321846676,-9.511305632918086,-0.9787918161890907,-0.35819272858301826,-1.1002958556247366
-0.5263358291205844,10.424491422726406,-9.53368186501776,-1.0215658010623172,-0.32957322929797944,-1.1089101895365219
-0.49359493573796576,10.495732147196808,-9.555543870981852,-1.0640263092977593,-0.2971437110616058,-1.1176164621210065
-0.4567596041333602,10.566338992808928,-9.577152855876912,-1.106124086888608,-0.2606266457320184,-1.12645269716218
-0.41567111781192456,10.636502825831926,-9.59878266382288,-1.1477775183480217,-0.21985777714157156,-1.135463282700473
-0.3703905980160863,10.706372701414098,-9.620717182237643,-1.188850800738588,-0.1748909216045217,-1.14469584772457
-0.321323487427783,10.776027632110537,-9.643240323770726,-1.2291357367868696,-0.1261223295771304,-1.1541941656843298
-0.269319732474538,10.845454217559505,-9.666618151451337,-1.268347769871388,-0.0743913578520258,-1.1639868001795617
-0.2156766449981732,10.914546931581318,-9.691077465795932,-1.3061488637760454,-0.02098468061530656,-1.174074333468923
-0.1619853701951968,10.983144115443222,-9.716790500433254,-1.3422003130674718,0.03251524068138009,-1.1844216955832374
-0.10984671176720544,11.051091910477485,-9.743875249969738,-1.37622746400704,0.08451249968192533,-1.194961913261142
-0.06058026875692142,11.118305538316319,-9.772412513673284,-1.408064100835665,0.1336878860438665,-1.2056110741113677
-0.015056885051885655,11.184798394785096,-9.802470966888869,-1.4376557724473071,0.17916708739779094,-1.2162868329072447
0.026309249874417143,11.25067390344454,-9.83412959357934,-1.4650282815993256,0.22053005279918442,-1.226921954281838
0.06346353538072591,11.316096140175127,-9.867492115972505,-1.4902432101469691,0.2577154208255096,-1.2374696507058853
0.0965843094509924,11.381257752089528,-9.902693757147153,-1.5133587895510534,0.29089493519293913,-1.2479025285713927
0.12597405604347206,11.446355263537642,-9.93990304235178,-1.5344033879108652,0.32036522293377506,-1.258208509257695
0.1519835567057221,11.51157383035087,-9.97932116509978,-1.5533609962465993,0.346472150363276,-1.268386247759527
0.1749660470641917,11.577079700942178,-10.021180493411206,-1.5701652970642033,0.3695649732439235,-1.2784412604198188
0.19525290012333651,11.643017915793948,-10.065743001053752,-1.5846990170342077,0.3899719176763205,-1.2883830803185297
0.2131428388208931,11.709513291290204,-10.113298967926,-1.5967962541909562,0.40798926106350997,-1.2982233440315993
0.2288988693455854,11.776673450712885,-10.164166122425318,-1.6062463732960077,0.4238781375527814,-1.3079745899865716
0.24274921000155641,11.8445932228198,-10.218689389825593,-1.6127986346314953,0.4378653559035232,-1.3176495544811402
0.2548899978905081,11.913360079703262,-10.277241493094348,-1.616166991560973,0.4501460152536704,-1.327260797535229
0.2654885212810295,11.983060481909215,-10.340224788284775,-1.6160345528125581,0.46088666551841084,-1.3368205392939383
0.27468630113074377,12.053787105134393,-10.408074889007985,-1.612057139385471,0.47022833333205327,-1.3463406267334594
0.28260166879743087,12.125646995594952,-10.481266841357174,-1.6038652321625864,0.47828905799258764,-1.3558325785481882
0.28933165414710577,12.19877078669125,-10.560324864121219,-1.591063439232061,0.485165749641826,-1.36530767519268
0.29495306624523737,12.273323247441294,-10.645837000241897,-1.573226420758579,0.49093525077106276,-1.374777073291545
0.2995226459153107,12.349515659821268,-10.738476491518211,-1.5498899747044068,0.4956544802972947,-1.3842519303779977
0.3030761017523171,12.427620874787076,-10.8390323793577,-1.5205356591063803,0.49935947306697437,-1.3937435271746736
0.3056256937008994,12.507992414924006,-10.948452867704445,-1.484566833680998,0.5020629819777287,-1.4032633681607338
0.3071557587344814,12.591089705027281,-11.067906455166101,-1.4412732920776736,0.5037500431670108,-1.4128232203105024
0.307615095498109,12.677512365459968,-11.198867597468745,-1.3897808518702164,0.5043704318879267,-1.4224349976823651
0.3069042830108533,12.768047043863664,-11.343234419532891,-1.328982257852833,0.5038261036353542,-1.4321102733872753
0.30485457235334423,12.863728446559195,-11.50348011552964,-1.2574502714778804,0.5019502946563599,-1.4418588924549636
0.30119289756083606,12.965904093736984,-11.68280548118804,-1.1733568617400154,0.49847288952737634,-1.4516854018545005
0.295486601509177,13.076241434848697,-11.885120991013538,-1.0745125208589776,0.4929657412994825,-1.4615802436062968
0.2870734711282933,13.19644322265732,-12.114221371020385,-0.9589346631911077,0.48477356697153784,-1.4714995718178587
0.2750511070180338,13.327060788362312,-12.370515556152997,-0.826969278953153,0.4730039094698135,-1.481329721843475
0.2585394168528932,13.4650984792999,-12.644544522439748,-0.6853662166692787,0.45678791530601803,-1.4908735037834588
0.23717643537201846,13.603633833535168,-12.916058373173199,-0.5476525516172693,0.43577145173358844,-1.4999596000571018
0.211042221373752,13.736686268617637,-13.167265538175876,-0.42558327348069525,0.41003825832110635,-1.5085962040972019
0.18004582800101,13.862602922322072,-13.391980204692338,-0.32347539620912397,0.37950200714003357,-1.5169300285909146
0.1437364628953019,13.982469601071367,-13.591347110344834,-0.24105820443975348,0.34371999759894006,-1.5251105632601727
0.10155754755777864,14.09805387000623,-13.768348265754113,-0.17696306327902447,0.3021453589745971,-1.5332197612298724
0.053273194211279455,14.210950026143204,-13.925603565266442,-0.13006293830203466,0.25454902683257513,-1.5412489992195624
-0.0005020176689490494,14.322330487492197,-14.064889449044003,-0.09969232086781878,0.2015428147071333,-1.5490966380383133
-0.05786517180235659,14.432881923560288,-14.187216416109731,-0.08549418398772318,0.14501052174527185,-1.5566000717237698
-0.11571758887538466,14.542835967092392,-14.293090602976207,-0.08717638079089318,0.08801434756097548,-1.5636138498093295
-0.17062539462646645,14.652095619488977,-14.382813867305108,-0.10432627093996188,0.033943582184520656,-1.5700931227916348
-0.21993705393718815,14.760393076158682,-14.456694546930501,-0.1363537761615456,-0.014588360386522614,-1.576112323521218
-0.26234769643646494,14.867379777791994,-14.51511508853055,-0.1825183687291264,-0.05629912169789539,-1.5818105262466908
-0.29773539420990947,14.972630675229409,-14.558513865926505,-0.24195785999170105,-0.09107387943697587,-1.5873226819370925
-0.3266835748632269,15.075617676275806,-14.587357136163298,-0.3136923905217496,-0.11949294460112372,-1.592742126531215
-0.35006461431124863,15.175698323196553,-14.602128671534643,-0.3966215805035692,-0.14242054599132958,-1.5981153122219687
-0.3687945221922116,15.272130326813533,-14.6033311374667,-0.4895331186253205,-0.16076284622054837,-1.6034524048053687
-0.3837228535194905,15.36410466884084,-14.591488361044274,-0.5911279785783334,-0.17535949969333736,-1.6087415576003405
-0.39559768221583747,15.450787820741997,-14.567142517575324,-0.7000599319414976,-0.18694926802691103,-1.6139616163977895
-0.4050631523209,15.531366078351414,-14.530844388185775,-0.8149850808192491,-0.19616775509751902,-1.619091744046713
-0.4126668394559405,15.605086978224975,-14.483136782549908,-0.9346169349045392,-0.20355481268893955,-1.6241177984773079
-0.4188672128537896,15.67129360848172,-14.424531948579084,-1.057782344814321,-0.2095620507792554,-1.6290357234699646
-0.4240389041024993,15.72944812328941,-14.355483986588158,-1.1834734804641496,-0.21455818901089765,-1.6338524277988553
-0.42847708644288246,15.779141654168885,-14.276357150301195,-1.31089166976397,-0.21883352127859293,-1.63858481177393
-0.4324031347106923,15.820089323593285,-14.187390493334263,-1.4394806120860508,-0.22260561494008552,-1.6432577257978267
-0.43597280003434324,15.852110932323322,-14.088658664341077,-1.5689489692403966,-0.22602744901837352,-1.647901667025508
-0.4392865476219707,15.875099570400609,-13.980027894762705,-1.6992848968713596,-0.22919764405796508,-1.6525509370789782
-0.4424005130466368,15.888981500195985,-13.86110572794363,-1.830766840491775,-0.23217127102452312,-1.6572428517072009
-0.44533616824921113,15.893671403710341,-13.731183934551877,-1.9639748587201111,-0.23496937318559835,-1.6620185068309328
-0.44808703386758364,15.889028889250621,-13.589179610772979,-2.0998029020635176,-0.2375855776684304,-1.6669256683370544
-0.45062114963700317,15.874828830743715,-13.43359874077409,-2.239459558555109,-0.2399885428707299,-1.6720246327214197
-0.4528782972217035,15.850778791750187,-13.262602997285702,-2.384408578322954,-0.2421192685580086,-1.677398268142301
-0.4547619578483326,15.816668815679654,-13.07440141031128,-2.5361122681933344,-0.24388327281776162,-1.683166819019952
-0.45613125569682655,15.772823470060873,-12.868422994641323,-2.6952968180115136,-0.24514281790460868,-1.6895021641690833
-0.4568138153350111,15.720965013215688,-12.647592220951415,-2.8605508311826977,-0.24572972100247284,-1.6966169738996368
-0.4566704833113661,15.664851701250097,-12.420084922754038,-3.0272833672184443,-0.2455089814990444,-1.7046884089124967
-0.45567958693309135,15.609232358182428,-12.196721844662394,-3.189393708331939,-0.2444612790818472,-1.7137483112332133
-0.45393374015447086,15.557627536497826,-11.985269809049756,-3.3427608531681026,-0.2426794955316784,-1.723673521740192
-0.4515564077698002,15.511488396375896,-11.788303356654637,-3.4864436630049966,-0.2402867230389889,-1.734283709052134
-0.4486428971116074,15.470909052068418,-11.605067944715566,-3.6214515109777388,-0.2373784640527314,-1.7454203731690003
-0.44525013397847907,15.435459091244205,-11.433602486459291,-3.7494339654449518,-0.2340127217094407,-1.7569671516493106
-0.44140622582159117,15.40461722593422,-11.271803857641972,-3.872056549548397,-0.23021945175399344,-1.7688430161990798
-0.43712213869502375,15.377930852693781,-11.117784784059221,-3.9908132080275673,-0.22601203071881718,-1.7809912403362766
-0.43240168198953643,15.35505775170117,-10.969938380950085,-4.107012039859967,-0.22139699891144152,-1.7933705403524882
-0.4272504916512174,15.33576651804721,-10.826907467516778,-4.22181240712216,-0.21638273053151158,-1.805948714240289
-0.4216853031650748,15.31992462573043,-10.687532619293755,-4.336269197253733,-0.21098825652200023,-1.818697911278949
-0.41574437224104904,15.307482681818017,-10.550802903981259,-4.451369655408226,-0.20525303262691674,-1.8315907280703638
-0.409499018832992,15.298454993288797,-10.415815872691528,-4.568056944379631,-0.1992475912718118,-1.8445965787039715
-0.40306485105458467,15.292892172813312,-10.281748429464143,-4.687234984908903,-0.1930836759610286,-1.857678028637405
-0.3966092528711412,15.290838114669612,-10.14783992874408,-4.80974586394937,-0.18692063663595085,-1.870787025669087
-0.39034977265894605,15.292260989711504,-10.013390357868936,-4.936306664760585,-0.18096313066002973,-1.8838612692386159
-0.38453764967251997,15.296948551597817,-9.877777845011636,-5.067391288799341,-0.17544495109344216,-1.8968214418868135
-0.3794238601115686,15.304368732727578,-9.74049768490476,-5.203054508626827,-0.17059689730995292,-1.9095708383906593
-0.37521243463783255,15.313526240754944,-9.601214213562171,-5.342734633399745,-0.16660351037592205,-1.921999983220283
-0.37201464645987653,15.322892083734871,-9.459795212023874,-5.485138515340596,-0.1635615165641761,-1.9339990094330348
-0.3698218654313915,15.330505607367666,-9.316281510758003,-5.628355291573611,-0.16145627465424048,-1.9454775340132875
-0.3685086769770191,15.334280236173461,-9.17076585343717,-5.770262525543548,-0.16016635424589298,-1.9563851150169485
-0.36786247830786467,15.332393532580484,-9.023219864265805,-5.909077938431088,-0.1594920808687992,-1.9667211812660255
-0.367622350578998,15.32355904383532,-8.873351923629325,-6.0437778966884315,-0.1591918804505768,-1.9765287646979668
-0.36750956710634863,15.307069194303878,-8.720545757561805,-6.174217679400703,-0.1590103358498527,-1.985877225214721
-0.3672419440995732,15.28265627384827,-8.56386132310217,-6.301009227216216,-0.15869115372003387,-1.9948440121369426
-0.3665331358076675,15.250285479235126,-8.4020465633262,-6.4253152031721745,-0.1579763628372064,-2.0035018971167298
-0.3650804465642833,15.209961082922343,-8.233516952329895,-6.548682440630142,-0.15659520299235744,-2.0119125362625723
-0.3625426806243651,15.161569631618908,-8.056276263399738,-6.672967148135033,-0.15424421319045237,-2.020124295685095
-0.3585057748018204,15.104747027419627,-7.867755832772558,-6.800363818508626,-0.15055658884805234,-2.0281718505086603
-0.35242904318176427,15.03874057315712,-7.664538988463287,-6.933544131295262,-0.1450544836301255,-2.0360754600902413
-0.34355793763353715,14.962233693315767,-7.4419236264613104,-7.075921938811689,-0.13707179459766136,-2.043837860809826
-0.3307822407143293,14.873124819574278,-7.19332124030196,-7.232038087714094,-0.12562880196926796,-2.051435795717198
-0.3124428278930129,14.768437096802721,-6.909952389608304,-7.407777793379454,-0.10926151757824784,-2.0588016641922517
-0.28635505264591254,14.645511895284013,-6.583820777261447,-7.60856230459677,-0.08604313180565583,-2.0657976511712715
-0.2513615711567476,14.507877001377024,-6.222779250171248,-7.829997999767903,-0.05495921870802761,-2.0722451042358374
-0.21050938748683704,14.370907420294072,-5.865053295302701,-8.048834751993176,-0.01871803502222274,-2.07810724503517
-0.168850230986689,14.248398123511851,-5.544575322921801,-8.244527389970257,0.018200663246841435,-2.083526787677661
-0.12882261816044502,14.142312783624023,-5.265031517004381,-8.415248502634435,0.05363338760219995,-2.088620350666221
-0.09083188812021631,14.049736300092746,-5.018052775742024,-8.566497935572976,0.08721787570148598,-2.093434752610762
-0.054721854614941653,13.967712180600904,-4.7954647759942555,-8.703556776775118,0.11908989899701183,-2.097989677400561
-0.020280487615484205,13.894078701197058,-4.591234269045274,-8.830346231107345,0.14943551366607052,-2.1023003655363866
0.012648910336473605,13.82735119694682,-4.401056896358086,-8.949720207028626,0.17839263676495856,-2.106386206837744
0.04415724044287315,13.766524205788954,-4.2217969149032815,-9.063830173581072,0.20604181470089203,-2.110274521183656
0.07428254857577082,13.710921789585235,-4.05108857604592,-9.174376095240065,0.23241769005030544,-2.1140024072850907
0.10302875255326563,13.66008806383171,-3.887081987959073,-9.282752226828046,0.25752550425223325,-2.117617136734555
0.13038620157080724,13.613693850834279,-3.728289873714028,-9.390107786727189,0.2813590788134235,-2.1211747882320835
0.15635120213269985,13.571440195033372,-3.57350526111725,-9.497334117383492,0.3039177376914497,-2.1247367202916765
0.18093838600517917,13.53295381050292,-3.421768361477319,-9.604996267418311,0.32521689160883016,-2.1283641182234816
0.20417689237144712,13.497695209409171,-3.272356705626449,-9.713256372964281,0.34528463790314634,-2.132112342776101
0.2260864835457541,13.464924930342603,-3.1247634640284017,-9.821868438950123,0.3641413206338997,-2.136028115159401
0.24664707485331833,13.43376309929233,-2.9786356299774868,-9.930305213133753,0.3817738897379093,-2.1401512084324765
0.2657894775931269,13.403319264189571,-2.8336773240158384,-10.037985965615333,0.3981287760428964,-2.1445179578359337
0.28342191553216145,13.372817378315725,-2.689556040643527,-10.144492074302157,0.4131351507144208,-2.14916167418956
0.2994749062192396,13.341655545274014,-2.545845416578393,-10.249678916911577,0.42674311379280266,-2.1541087111660664
0.31393427140777713,13.30939680500207,-2.402007460773509,-10.353679949663984,0.43895100244815,-2.159373682799236
0.3268480705222527,13.275722429033022,-2.25739576675575,-10.45685397905792,0.4498102016157191,-2.16495746354365
0.33831338089749674,13.240377686079501,-2.1112602239892797,-10.559724973249075,0.45941300406214686,-2.1708486014166266
0.34845562002027425,13.203124527995698,-1.9627417412238368,-10.66293989157091,0.4678745424937345,-2.177026632928157
0.35740948648206766,13.163703644447237,-1.8108521237864919,-10.767251449756994,0.4753164869032141,-2.1834655896112958
0.36530495853667905,13.121802970430615,-1.6544370379523232,-10.873524774277003,0.48185531149346106,-2.190136691210692
0.3722581354503914,13.07702857783261,-1.4921204871166527,-10.982765470848692,0.48759484581324875,-2.19700986769483
0.378365166421102,13.0288750388554,-1.3222302883143346,-11.096166987615984,0.4926215771311214,-2.2040540306373084
0.38369704088588424,12.976696446846638,-1.1427112955416734,-11.215172393659811,0.4970008483539423,-2.2112359410914952
0.3882927417841233,12.919691759350238,-0.9510622156998754,-11.341529766657478,0.5007719605269165,-2.218517127300769
0.3921479520013336,12.856955958341151,-0.7444281213393594,-11.477263025081962,0.5039400400924352,-2.225847571318356
0.39519783904830025,12.787750123092621,-0.520248168189159,-11.624314588712204,0.5064636601215371,-2.233154251628403
0.3973038324802486,12.712313991345336,-0.27831969751804575,-11.783317467883457,0.5082459425238038,-2.2403257610096907
0.39828996351204465,12.633317965904443,-0.024575302382718378,-11.951258477778184,0.5091634906247805,-2.2472124009466414
0.3980773625946701,12.556283353433061,0.22778766447996146,-12.120656748984638,0.5091681015634651,-2.2536821242524283
0.39679101871277983,12.486819091356494,0.46551059436246905,-12.283870714216125,0.5083642974428625,-2.259700860042477
0.3946721671030563,12.427765865712951,0.6826782461126413,-12.437682297531888,0.5069402361857295,-2.265326225211449
0.39194086382748133,12.379546353818736,0.8796845531530881,-12.58274114896614,0.5050644902964724,-2.270638756334126
0.38875424935828895,12.341659236645482,1.0592737489185264,-12.72116319475318,0.5028563479061269,-2.27570124543003
0.3852214290002256,12.313519676591278,1.2243612616694761,-12.855195646325127,0.5003981520225202,-2.280552185924198
0.38142486690412025,12.294724476049057,1.3773693576425712,-12.986805563089554,0.4977518663356675,-2.285210453490172
0.37743506680021505,12.285086260991145,1.5201476219891934,-13.117623003259187,0.4949702564605736,-2.289681131423835
0.37331820221886697,12.284598105827769,1.6540493379204595,-13.248973538065837,0.4921026398457171,-2.2939607590571414
0.3691374915599048,12.293380693402359,1.7800266670947615,-13.381914222562056,0.4891958990303799,-2.2980426061937655
0.36494818887502045,12.31162505329942,1.8987111434580877,-13.517251574817537,0.48629071279509706,-2.3019228781116983
0.36078576244660826,12.339533118247207,2.010476801632314,-13.65554057875466,0.48341271815094394,-2.3056084073398067
0.35664791413972924,12.37725740782141,2.1154908137598665,-13.797070865454419,0.4805591152383957,-2.3091255928248953
0.3524734744339307,12.424843625689425,2.2137571456946255,-13.941849834902083,0.4776829988827848,-2.31252920798889
0.34812356375236264,12.482183013582633,2.3051574188493396,-14.08959456825691,0.4746794538877869,-2.315908706349443
0.34337040906606453,12.548982905365888,2.3894913260322106,-14.239744157983212,0.4713774516164726,-2.3193896457623433
0.33789548159012583,12.62476257507249,2.4665169355773506,-14.391500230815705,0.4675388170995034,-2.3231293318951636
0.3312928461395907,12.708876898752365,2.53598905471669,-14.543895787824255,0.46286123769035276,-2.327308155252467
0.32306950869939427,12.800563907395809,2.5976918031113563,-14.695883073441149,0.4569792271532379,-2.33211990873519
0.31263428713496816,12.899006549867172,2.65146045473559,-14.846423848301258,0.4494567708047857,-2.337764499177123
0.2992691676632991,13.003396423508592,2.6971881303015808,-14.994563666241197,0.4397672275275668,-2.344444869151074
0.282079867776958,13.112988838775063,2.734814802581644,-15.139476143479232,0.4272581960475382,-2.352367189712508
0.25992500638623844,13.227143001001687,2.764298067593446,-15.280470766244221,0.41110115970574007,-2.3617395621889634
0.2313298351684094,13.345345042237984,2.7855659611467303,-15.416963659862661,0.3902306835400162,-2.3727583258349054
0.1944129147943755,13.467210542477241,2.798451792960476,-15.548410508066409,0.36329444900132374,-2.3855596436680124
0.14692105295981,13.592450176721723,2.8026128729873303,-15.674191542171323,0.3286840054618676,-2.400094599361513
0.08662781634734212,13.720747329423592,2.7974505940034247,-15.793421981985693,0.28483089839337183,-2.415870402690066
0.012575548727688443,13.8514490253287,2.7821030792841017,-15.904666361585786,0.23111017975457515,-2.4315676650345552
-0.07264516966597034,13.983048924504548,2.7556690271663737,-16.005677372808666,0.16947509415681572,-2.4448838419926213
-0.16145736707665875,14.112935716666415,2.7177341863870996,-16.093641571275107,0.1054502885929135,-2.4533711246270933
-0.24420148262629587,14.23820624917577,2.668766793442318,-16.166275782197125,0.045990746098305724,-2.4560694010395014
-0.3145254102174293,14.356975749554453,2.6098510595313305,-16.222803633733488,-0.004391133441735105,-2.4539488833194345
-0.3710779250589011,14.468698123222998,2.5421251232537663,-16.263762757515973,-0.04479350389131003,-2.4487320937708326
-0.41547256487012224,14.573623518572374,2.4665096287869352,-16.290257495187575,-0.0764281267594604,-2.4418425885794064
-0.4501471851477965,14.672295466513564,2.38371313234272,-16.303486101610435,-0.10107747299570509,-2.434164697452694
-0.4773572172115445,14.765330668216118,2.29430338897893,-16.30459193440379,-0.12037755628955603,-2.426178985530558
-0.4989040869306463,14.853356297850308,2.1987529574559264,-16.294641705976034,-0.13562919248119484,-2.418129296533081
-0.516148294194938,14.936997559283038,2.0974516338882143,-16.274622018109188,-0.1478116316021888,-2.410134380305751
-0.5300961356093706,15.01687434337824,1.9906989981544858,-16.24542661659306,-0.15764731617633287,-2.4022505774784766
-0.5414876660750275,15.093597995287114,1.8786888402478104,-16.207836466710205,-0.1656664185286054,-2.3945047449744474
-0.5508675411837929,15.167768927791629,1.761491895043299,-16.162499297203972,-0.17225844704554047,-2.3869111315297173
-0.5586377004549145,15.239977030651035,1.6390390434678626,-16.10991243311972,-0.17771046212933844,-2.379480055117921
-0.5650951852588548,15.310805829359728,1.5111047656016299,-16.050409493970513,-0.1822344338885696,-2.372222580335987
-0.5704586917529445,15.380840173448263,1.3772900998783841,-15.984149867286396,-0.18598642422656853,-2.3651534196248876
-0.5748867367784215,15.4506760635247,1.2370058675209652,-15.911110187235224,-0.18907972012138255,-2.3582932843613675
-0.5784894809408945,15.52092930016988,1.0894617989941424,-15.831079962463244,-0.19159342897546272,-2.351671430560257
-0.5813355846077544,15.592235227817051,0.9336792917307687,-15.743671174064584,-0.1935775619836152,-2.3453288831471113
-0.5834551753304451,15.665221639678506,0.7685732050964179,-15.648369325116185,-0.1950554172630846,-2.3393224703320192
-0.5848406171969899,15.740416398916313,0.593203320873341,-15.54468901049949,-0.1960244955261243,-2.3337287307991215
-0.5854495612898345,15.818024740586619,0.4073680055632387,-15.432545034283056,-0.19645908367369694,-2.328643691114429
-0.5852206122888362,15.897534837499991,0.21265149172258255,-15.31291762856215,-0.1963215541416633,-2.3241686930388226
-0.5841134234022559,15.977339547933376,0.013425985702929771,-15.18851019848055,-0.19559012471233247,-2.3203714858666626
-0.582159597577032,16.054938664541645,-0.18369402393094378,-15.063448062764444,-0.19429313247611546,-2.3172375556964124
-0.5794728387844631,16.127939434369267,-0.3725175753534231,-14.941618643659854,-0.19251459953949154,-2.314663308767413
-0.5762014051724638,16.194949651945198,-0.5496351914152982,-14.825162116899653,-0.19036070541552264,-2.3125066165538146
-0.5724765124536211,16.25560684602245,-0.7144608736713631,-14.7144116742343,-0.1879245423591428,-2.3106403990552398
-0.5683941770741892,16.31012468212252,-0.8679981592645174,-14.608656773224638,-0.185274223073358,-2.308972139115023
-0.5640203187846922,16.3589019042886,-1.0117910999029416,-14.506804547406873,-0.18245677647067937,-2.3074398701101804
-0.5594016138939211,16.402322058161786,-1.1473947720956363,-14.407717536241215,-0.17950572999895711,-2.306002337871401
-0.5545749503039462,16.44067812266195,-1.2761826848004258,-14.310338113085738,-0.17644755090271547,-2.3046306459611374
-0.5495745812810807,16.47415412400033,-1.399306638138143,-14.213715210856034,-0.17330638330680678,-2.303302436102582
-0.5444377732454218,16.502827878196438,-1.5177120565591493,-14.11699504057174,-0.17010764133316164,-2.30199794394076
-0.5392098253614457,16.52667986321778,-1.6321678824366057,-14.01940237345749,-0.16688104866406356,-2.3006971751547374
-0.5339490864345555,16.545603014887785,-1.7432959601474882,-13.920222713875296,-0.16366352940045173,-2.2993776697472237
-0.5287323006605397,16.559412395027195,-1.8515952950614716,-13.818789213674464,-0.16050215393413522,-2.2980125317512248
-0.5236602481980972,16.56785546162287,-1.957460467930016,-13.714475936191253,-0.15745711330827805,-2.296568563442472
-0.5188630844802499,16.57062455484982,-2.0611948325254947,-13.606698514926954,-0.15460436663497387,-2.2950044881170313
-0.5145038861452793,16.56737376380548,-2.1630195959492853,-13.494923233951846,-0.15203710770480194,-2.293269409906259
-0.5107776529228412,16.557742653972177,-2.263080150973889,-13.378685489052291,-0.14986452740525705,-2.2913018662677485
-0.5079017477899839,16.541389180899554,-2.361451324034957,-13.257618006401787,-0.14820572476402719,-2.2890300652806608
-0.5060936153985802,16.518032950068733,-2.458143468282893,-13.131487631526797,-0.14717667822747885,-2.2863740749596215
-0.5055345495148836,16.487507119588642,-2.553111291808401,-13.00023660566557,-0.1468699647665575,-2.2832506462253686
-0.5063256192864026,16.44981248480828,-2.6462666506483474,-12.864020238164336,-0.14733100830842127,-2.2795807644577732
-0.5084510852498605,16.405162038161897,-2.7374953230061396,-12.723229195940435,-0.14853947599263986,-2.2752989163302018
-0.5117678457158167,16.354001993657857,-2.8266767146740888,-12.578483994080345,-0.15040566306597172,-2.27036193648634
-0.5160296750137662,16.29699926868796,-2.913705192133742,-12.430594197437276,-0.1527858326168457,-2.264755028612219
-0.5209367560508114,16.234995299028476,-2.9985118676947162,-12.280484991195314,-0.15551046831690837,-2.2584935167731577
-0.5261889619363295,16.16893683775711,-3.081085100659146,-12.129104922577923,-0.15841336572278802,-2.2516204203450645
-0.5315243553547623,16.099800495974456,-3.1614868461915457,-11.977335055941579,-0.16135177994836827,-2.244201055369614
-0.5367366446241827,16.028527133935643,-3.2398617640828182,-11.8259182898042,-0.164214809773396,-2.23631618951194
-0.5416757965124385,15.955976454170793,-3.316437553218755,-11.675419461420933,-0.16692276437037534,-2.22805509280107
-0.5462397153955229,15.882904666903695,-3.391517434559716,-11.526216703417543,-0.16942200332476062,-2.219509444467512
-0.5503636228823844,15.809962013073724,-3.4654675481815937,-11.378516918458573,-0.17167884341405196,-2.2107686130570214
-0.5540109342461063,15.737703821988013,-3.5387025120165205,-11.232385227946567,-0.1736745006576498,-2.201916408626521
-0.5571670365737081,15.666608489373488,-3.611671776528912,-11.087779097407562,-0.17540173411102294,-2.1930291059166374
-0.5598359017450926,15.59709714626507,-3.684848373309196,-10.944580577721073,-0.1768630849916859,-2.1841744071430007
-0.5620386997532008,15.529551665672066,-3.758720718745623,-10.802623019977867,-0.1780702149035256,-2.175411033998002
-0.563813229428601,15.464329291520936,-3.8337875088460445,-10.661710850958206,-0.17904367619970657,-2.166788746384004
-0.5652129272885688,15.401773322132183,-3.910555432018433,-10.521632358536484,-0.17981242797740785,-2.1583487052748795
-0.5663044646469078,15.34221998769715,-3.989539371366522,-10.382166097376551,-0.18041255431734635,-2.1501241678763305
-0.567163515525475,15.286002091028752,-4.071264910909515,-10.243081732599917,-0.18088495957717987,-2.1421414966412873
-0.5678690462218762,15.233450281096514,-4.156273248713647,-10.104136100808548,-0.18127224005347814,-2.1344213971118497
-0.5684971414116773,15.184893064774583,-4.24512898137004,-9.965065116729008,-0.18161529686934144,-2.1269802288427946
-0.5691156242430099,15.14065681574862,-4.338431574966344,-9.825571945018794,-0.18195038680770667,-2.1198312175369725
-0.5697804431882075,15.101067065826244,-4.436831632870913,-9.685311582620646,-0.1823071483580977,-2.112985454552905
-0.5705341729241817,15.066452256963617,-4.5410533412871095,-9.54387161837767,-0.18270779347538318,-2.1064526710747313
-0.5714063388413265,15.037150939064734,-4.651924795311993,-9.400748426386237,-0.18316730374582071,-2.1002418655650636
-0.5724148634721593,15.013523159886626,-4.770418287166953,-9.255317445080793,-0.18369424509052784,-2.094361908545942
-0.5735677780353786,14.995966418452479,-4.897702781386131,-9.106795702359825,-0.18429173527041623,-2.088822242871866
-0.5748642963149015,14.984935570292393,-5.035209550795152,-8.954195072204666,-0.1849580851052784,-2.083633748388718
-0.5762941604238968,14.980962975791266,-5.184705610671124,-8.796268134094673,-0.18568655743932624,-2.0788097303722592
-0.5778334848841664,14.984665571473032,-5.348347013045084,-8.631461875051283,-0.1864633733963775,-2.0743667133738874
-0.5794336261987877,14.996697333883922,-5.5286136001685815,-8.457937834221546,-0.1872623036992869,-2.07032392825982
-0.5809965998916626,15.017531694015986,-5.727834787736518,-8.273838138151628,-0.1880328261535658,-2.0666982231132165
-0.5823300033022619,15.046822533024596,-5.946646930372175,-8.078214515404754,-0.18867885822082867,-2.06348680972962
-0.5830974206061355,15.082143908715517,-6.1808016828953445,-7.873006227025166,-0.18903673838782503,-2.060630199695739
-0.5828501271896204,15.118074279779732,-6.41871177588694,-7.664606276495723,-0.18889424884890305,-2.057980053902988
-0.5811984450787514,15.147932613764569,-6.645682205680912,-7.461291918713537,-0.18807525795920488,-2.055342899062823
-0.5779282934183688,15.16705458281067,-6.8520542088892435,-7.268232966446523,-0.18649257855276316,-2.052579855424172
-0.5729167795179418,15.173637722428506,-7.0351098870161675,-7.0864067949396805,-0.18410323029829195,-2.0496430809890507
-0.5660017815746033,15.16752791180006,-7.195806089780633,-6.914700634290894,-0.1808452282028654,-2.0465464374125277
-0.5569138000260521,15.149156287574227,-7.336022847534352,-6.751640468501789,-0.17660653409366497,-2.043333971663275
-0.545250021587186,15.11909297725694,-7.457436805043028,-6.596087086131142,-0.17121458480392235,-2.0400632932194296
-0.5304632568836348,15.077931353991763,-7.561238734344583,-6.447406037569561,-0.16443272266293868,-2.036795375570046
-0.5118603091556757,15.026288552801295,-7.648145717346799,-6.305455502660274,-0.15596080092938278,-2.0335818388483524
-0.4886183956185317,14.964832742565692,-7.718492894007721,-6.170521768875482,-0.14544382125740002,-2.0304433877951116
-0.4598402092918667,14.894306438237221,-7.7723374339082385,-6.043240842808887,-0.13249772913039232,-2.027335004269007
-0.42468370016009616,14.81553926953528,-7.8095583627578,-5.9245167308773325,-0.11676808548321205,-2.0240973640007374
-0.38261511037092494,14.729455200012415,-7.829952016749317,-5.8154410110572154,-0.09804226306976684,-2.0204049787993874
-0.3338085817034488,14.637082685125767,-7.8333269939898535,-5.717215347263045,-0.0764238709731152,-2.0157449954909357
-0.2795873457874147,14.539564291775477,-7.819596918997975,-5.631069301259176,-0.05252139245729039,-2.00948659156221
-0.22257493802043904,14.438131380601982,-7.788849061127066,-5.558155852986322,-0.02750565949609515,-2.0010794753243
-0.16618435608135293,14.33399474841993,-7.741344399251833,-5.499424268119832,-0.0028778300461578393,-1.9903005308089803
-0.11356824569668117,14.228161338544169,-7.67742355900994,-5.455521208533573,0.01999155700434737,-1.9773553642035404
-0.06674434795204422,14.121274280577332,-7.597357975886541,-5.42678708349115,0.040239009911670925,-1.9627450738085614
-0.026420619312895244,14.013557901204413,-7.501216058626723,-5.4133508723427335,0.057576468662994484,-1.9470317999078814
0.007639069000701021,13.904853391688867,-7.388776847960085,-5.415263972010066,0.07212631206712755,-1.9306747757328961
0.0361369735977537,13.794687931706546,-7.259490543899567,-5.432613755479131,0.08421083534957263,-1.9139792395660253
0.0598925558799487,13.682352529540363,-7.112508582159309,-5.465573807536797,0.09420012261701424,-1.8971113632899563
0.07964902951410296,13.567022542329143,-6.946892291832949,-5.51432031332969,0.10242856838383918,-1.8801299967650908
0.09598201536010911,13.448026461435337,-6.762272513666712,-5.578649044147567,0.10915609738978295,-1.8630125062511895
0.10926716040779415,13.325424360557868,-6.560375894412015,-5.657031948027618,0.1145548122315416,-1.845674921664442
0.11971351290632268,13.200839153284274,-6.347236028328532,-5.745215542477828,0.11872329841504171,-1.828005178379292
0.12749634121445705,13.07763336166238,-6.133596565468859,-5.835924460165123,0.12174268332580983,-1.809926946126082
0.13290867312314963,12.959409207540936,-5.930720791860654,-5.9214821119926295,0.12374083360963412,-1.791455508652383
0.13635754758325758,12.848188782547853,-5.745333533312485,-5.9970677715031675,0.12489148751809698,-1.7726814914971787
0.13824216525730312,12.74422485944255,-5.579057250391147,-6.061168159140489,0.12536358992119612,-1.7537118873259028
0.13887505775993536,12.646841230745009,-5.430718259507043,-6.114160761101477,0.1252885334661898,-1.7346341667660536
0.13847513277061305,12.555116176611643,-5.298258224747613,-6.157095387346642,0.12475752611995983,-1.7155103602728654
0.13718851383715133,12.468183749501206,-5.179605097342739,-6.1911183014020175,0.12383056368889624,-1.696382362816463
0.13511035363713744,12.385319683993046,-5.07294660877986,-6.217276627916003,0.12254573759176755,-1.6772781177495009
0.13230097588487463,12.305944284444545,-4.976767027410545,-6.236478368551808,0.12092610435534334,-1.6582161689481338
0.12879672726020802,12.229601018370529,-4.8898101530844205,-6.249503887569524,0.11898429690689567,-1.6392086387542653
0.12461711318029796,12.155931769645873,-4.811028354366284,-6.257029446227937,0.11672555307498281,-1.6202631175206819
0.11976951555286931,12.084654963910555,-4.739536443758429,-6.259649696543336,0.11414971538956589,-1.6013838656279846
0.11425236042333121,12.015547715212422,-4.674574657807974,-6.257895673097861,0.11125257178729882,-1.5825725917613123
0.10805728272935283,11.9484316277058,-4.615480365275825,-6.25224807756891,0.10802676986051232,-1.5638289699228742
0.10117063032066512,11.88316157255272,-4.5616669403824694,-6.243146606253095,0.10446244991920121,-1.5451509931387406
0.09357452483883888,11.81961681023947,-4.512608177328776,-6.230996233169745,0.10054768924189973,-1.5265352223466624
0.08524762302391821,11.7576939582803,-4.467826872555305,-6.21617127226664,0.09626881867633715,-1.5079769649503796
0.07616567891201288,11.697301426103564,-4.426886493393725,-6.199017891121488,0.09161065486178159,-1.489470402922752
0.06630198335913573,11.638355032597904,-4.389385107644499,-6.179855598109346,0.08655668175071612,-1.4710086815580337
0.05562774541559451,11.58077458861649,-4.354950953773361,-6.1589780938178835,0.08108921087239748,-1.452583964955406
0.044112476227590486,11.524481273369869,-4.32323919048673,-6.136653769293347,0.07518954921306165,-1.43418746189615
0.03172443793468212,11.46939566678213,-4.2939294860127175,-6.113126047655459,0.06883820569159786,-1.4158094253252893
0.018431225833790844,11.415436324741354,-4.266724199479701,-6.088613699592394,0.06201517131697313,-1.3974391298752429
0.0042005604322084816,11.36251880425805,-4.241346975782164,-6.0633112147400015,0.054700313593334444,-1.3790648347123062
-0.010998624936102026,11.310555062914512,-4.217541626214958,-6.037389277327251,0.04687393171933422,-1.3606737435258007
-0.0271947083210633,11.259453172541258,-4.195071203754538,-6.010995372988292,0.038517524193691,-1.3422519798270458
-0.04441142215514386,11.209117300758914,-4.173717207140858,-5.984254541414598,0.029614822289155567,-1.323784603855994
-0.06266533457764803,11.159447925043962,-4.153278864265724,-5.9572702834405815,0.020153137986950426,-1.3052557068719854
-0.08196272297430995,11.110342250781693,-4.133572454888236,-5.930125627780861,0.010125058517738704,-1.2866486281890093
-0.10229586001200779,11.061694805288267,-4.114430637438508,-5.902884358122012,-0.0004695142317180691,-1.2679463474737638
-0.12363884004826661,11.01339817183625,-4.095701747001948,-5.875592391508974,-0.01162103807863963,-1.2491321053392777
-0.14594322542793803,10.965343809930959,-4.077249034451555,-5.8482792801934185,-0.02330785965834823,-1.2301902933027142
-0.16913397627604215,10.917422881412064,-4.058949823708428,-5.820959779233621,-0.03549384200135582,-1.2111076234201619
-0.1931063092190951,10.869526971527955,-4.040694578986428,-5.793635382769877,-0.0481264396172744,-1.191874534390325
